track_name,artist,genre,popularity,danceability,energy,loudness,tempo,duration_ms
Song_1,Artist_82,Rock,4,0.76,0.39,-21.93,86,297392
Song_2,Artist_95,Latin,12,0.64,0.22,-22.94,119,252475
Song_3,Artist_78,Pop,72,0.35,0.71,-13.01,116,237757
Song_4,Artist_76,Jazz,1,0.77,0.32,-15.7,131,160758
Song_5,Artist_28,Classical,14,0.27,0.28,-6.36,127,131390
Song_6,Artist_94,R&B,69,0.29,0.92,-23.27,135,284794
Song_7,Artist_80,Classical,74,0.34,0.25,-10.45,134,140916
Song_8,Artist_30,Rock,49,0.41,0.7,-16.97,154,213132
Song_9,Artist_27,Jazz,90,0.9,0.71,-11.6,103,260021
Song_10,Artist_94,EDM,21,0.55,0.41,-4.64,116,299467
Song_11,Artist_42,Pop,30,0.82,0.83,-16.17,76,175307
Song_12,Artist_73,Classical,28,0.69,0.51,-4.88,177,157452
Song_13,Artist_34,Hip Hop,32,0.76,0.62,-8.57,169,272969
Song_14,Artist_52,Classical,29,0.95,0.31,-14.14,72,148743
Song_15,Artist_20,Hip Hop,88,0.52,0.25,-16.6,179,258704
Song_16,Artist_33,Latin,2,0.71,0.29,-5.53,128,288024
Song_17,Artist_44,Rock,38,0.53,0.55,-4.02,127,251225
Song_18,Artist_98,Hip Hop,65,0.88,0.88,-18.43,189,279637
Song_19,Artist_26,Hip Hop,48,0.77,0.62,-7.87,195,120149
Song_20,Artist_77,Classical,63,0.21,0.92,-5.67,138,182770
Song_21,Artist_8,EDM,73,0.91,0.27,-14.31,77,319387
Song_22,Artist_69,Hip Hop,17,0.69,0.94,-21.37,195,279014
Song_23,Artist_55,EDM,70,0.77,0.74,-9.32,162,296078
Song_24,Artist_84,Classical,57,0.87,0.55,-19.55,76,208627
Song_25,Artist_3,Country,71,0.37,0.37,-23.44,75,180015
Song_26,Artist_9,Pop,43,0.25,0.39,-10.28,114,261356
Song_27,Artist_17,Country,74,0.55,0.81,-7.24,108,144726
Song_28,Artist_13,Indie,46,0.52,0.56,-8.96,85,135889
Song_29,Artist_52,Classical,14,0.39,0.35,-15.13,168,168100
Song_30,Artist_36,R&B,32,0.86,0.26,-7.22,200,145666
Song_31,Artist_7,Latin,2,0.93,0.92,-6.33,102,226539
Song_32,Artist_63,R&B,28,0.85,0.9,-21.38,60,222346
Song_33,Artist_34,R&B,37,0.52,0.95,-3.1,184,160579
Song_34,Artist_25,Jazz,28,0.93,0.65,-13.07,140,134985
Song_35,Artist_7,Country,62,0.58,0.87,-21.54,190,141000
Song_36,Artist_24,Rock,77,0.25,0.87,-16.12,123,271760
Song_37,Artist_77,Pop,80,0.26,0.71,-12.57,140,188358
Song_38,Artist_27,Classical,31,0.4,0.3,-10.8,177,202883
Song_39,Artist_97,Rock,2,0.54,0.98,-3.09,78,260937
Song_40,Artist_28,Latin,34,0.3,0.47,-23.49,122,216869
Song_41,Artist_37,Hip Hop,57,0.83,0.75,-11.54,195,122050
Song_42,Artist_86,Latin,39,0.9,0.28,-5.68,127,150258
Song_43,Artist_14,Latin,20,0.4,0.67,-9.21,112,300223
Song_44,Artist_82,Jazz,65,0.57,0.91,-6.39,83,286273
Song_45,Artist_55,Jazz,6,0.2,0.8,-10.98,127,162357
Song_46,Artist_95,R&B,71,0.73,0.64,-22.54,98,263023
Song_47,Artist_5,Classical,75,0.61,0.54,-24.08,153,130458
Song_48,Artist_46,EDM,88,0.39,0.28,-7.84,164,282702
Song_49,Artist_96,Hip Hop,31,0.85,0.96,-7.16,165,126497
Song_50,Artist_23,Classical,53,0.8,0.87,-7.16,128,161732
Song_51,Artist_90,Rock,49,0.85,0.87,-20.11,177,211660
Song_52,Artist_40,EDM,29,0.22,0.35,-17.78,77,193170
Song_53,Artist_45,Latin,52,0.71,0.86,-17.71,67,150236
Song_54,Artist_34,Hip Hop,75,0.92,0.41,-22.62,171,210619
Song_55,Artist_94,Classical,56,0.65,0.6,-16.53,108,186773
Song_56,Artist_6,Indie,1,0.59,0.83,-9.89,110,215478
Song_57,Artist_56,Rock,86,0.89,0.69,-10.41,91,308679
Song_58,Artist_39,Latin,40,0.7,0.45,-9.66,92,170289
Song_59,Artist_54,Indie,87,0.76,0.34,-12.48,163,263638
Song_60,Artist_1,Jazz,37,0.36,0.81,-11.65,142,241893
Song_61,Artist_57,R&B,87,0.36,0.57,-5.17,103,292713
Song_62,Artist_11,Jazz,66,0.7,0.68,-22.95,120,296369
Song_63,Artist_40,EDM,26,0.31,0.24,-3.35,78,239384
Song_64,Artist_54,Country,25,0.74,0.5,-16.21,97,291981
Song_65,Artist_89,Pop,97,0.85,0.89,-7.87,116,166107
Song_66,Artist_90,Latin,60,0.24,0.39,-6.34,176,154954
Song_67,Artist_60,Latin,72,0.65,0.94,-5.39,189,231867
Song_68,Artist_71,R&B,21,0.76,0.57,-19.3,123,287159
Song_69,Artist_36,Latin,63,0.67,0.41,-23.3,133,181471
Song_70,Artist_35,Classical,41,0.87,0.26,-21.68,158,301914
Song_71,Artist_20,EDM,9,0.51,0.46,-14.75,75,174220
Song_72,Artist_54,Indie,99,0.64,0.74,-6.15,157,245037
Song_73,Artist_1,Classical,39,0.77,0.87,-4.02,167,261091
Song_74,Artist_96,Latin,78,0.87,0.58,-19.0,184,127608
Song_75,Artist_50,Classical,86,0.71,0.52,-21.37,179,153456
Song_76,Artist_80,Latin,4,0.88,0.66,-10.41,81,288492
Song_77,Artist_55,Hip Hop,60,0.34,0.4,-17.8,176,205680
Song_78,Artist_44,Indie,36,0.76,0.85,-19.45,80,243288
Song_79,Artist_3,Latin,7,0.95,0.47,-10.7,70,317717
Song_80,Artist_4,EDM,26,0.83,0.68,-19.75,181,295494
Song_81,Artist_15,Country,28,0.55,0.4,-16.88,89,162930
Song_82,Artist_40,Rock,75,0.22,0.44,-10.1,156,223980
Song_83,Artist_92,EDM,10,0.64,0.85,-19.66,137,299374
Song_84,Artist_77,Rock,73,0.79,0.47,-15.58,154,138076
Song_85,Artist_65,Classical,2,0.84,0.84,-22.68,152,286614
Song_86,Artist_59,Hip Hop,56,0.33,0.61,-10.69,197,246745
Song_87,Artist_60,Indie,94,0.64,0.45,-19.6,82,193119
Song_88,Artist_58,EDM,97,0.55,0.68,-16.66,67,249579
Song_89,Artist_42,Hip Hop,63,0.36,0.82,-17.51,130,265697
Song_90,Artist_2,Latin,25,0.26,0.76,-14.25,121,301039
Song_91,Artist_61,R&B,58,0.79,0.27,-20.12,122,200270
Song_92,Artist_85,Country,48,0.55,0.61,-15.64,200,206714
Song_93,Artist_46,R&B,35,0.43,0.38,-9.13,140,151340
Song_94,Artist_96,Latin,98,0.72,0.35,-8.75,130,309945
Song_95,Artist_76,Latin,77,0.41,0.28,-20.73,118,214602
Song_96,Artist_23,Jazz,2,0.73,0.3,-24.0,73,265059
Song_97,Artist_38,Hip Hop,82,0.85,0.58,-5.8,132,243049
Song_98,Artist_62,R&B,44,0.34,0.24,-4.3,182,149907
Song_99,Artist_9,Indie,63,0.26,0.69,-23.82,98,267545
Song_100,Artist_39,Rock,32,0.29,0.8,-11.66,117,256989
Song_101,Artist_49,R&B,57,0.42,0.66,-15.57,75,279811
Song_102,Artist_95,Rock,98,0.36,0.36,-10.47,100,182879
Song_103,Artist_23,Latin,10,0.32,0.52,-9.83,180,196351
Song_104,Artist_5,EDM,37,0.73,0.75,-15.01,119,189351
Song_105,Artist_81,Country,85,0.8,0.35,-22.47,117,289773
Song_106,Artist_20,Jazz,19,0.25,0.33,-18.23,133,235121
Song_107,Artist_16,R&B,89,0.43,0.51,-19.01,198,249445
Song_108,Artist_57,Rock,77,0.23,0.54,-17.91,124,126780
Song_109,Artist_12,EDM,87,0.83,0.65,-4.08,128,271059
Song_110,Artist_6,Hip Hop,61,0.59,0.54,-18.88,171,286405
Song_111,Artist_63,Rock,61,0.46,0.46,-10.26,101,206456
Song_112,Artist_53,R&B,37,0.7,0.51,-8.27,69,239229
Song_113,Artist_12,Classical,33,0.44,0.96,-16.11,191,120301
Song_114,Artist_85,Latin,60,0.51,0.35,-17.04,187,283947
Song_115,Artist_57,Pop,27,0.4,0.3,-18.66,184,151831
Song_116,Artist_4,Country,31,0.73,0.44,-24.7,164,144434
Song_117,Artist_29,Rock,60,0.91,0.71,-21.61,134,253397
Song_118,Artist_91,Jazz,54,0.83,0.96,-19.64,97,220554
Song_119,Artist_25,Country,66,0.76,0.31,-23.46,166,209096
Song_120,Artist_65,Jazz,1,0.41,0.43,-12.09,185,158953
Song_121,Artist_58,Latin,62,0.46,0.63,-13.04,176,204352
Song_122,Artist_25,EDM,74,0.49,0.87,-15.96,141,315219
Song_123,Artist_61,Indie,50,0.94,0.82,-10.66,98,249847
Song_124,Artist_5,Hip Hop,65,0.92,0.46,-22.79,172,146138
Song_125,Artist_68,R&B,2,0.74,0.52,-10.59,99,139615
Song_126,Artist_61,Jazz,44,0.67,0.51,-23.23,144,296778
Song_127,Artist_69,Indie,41,0.67,0.89,-14.27,198,129410
Song_128,Artist_80,Rock,31,0.67,0.92,-3.06,83,233763
Song_129,Artist_13,Rock,57,0.32,0.43,-24.36,143,134711
Song_130,Artist_38,Classical,48,0.52,0.39,-15.93,106,164560
Song_131,Artist_23,Rock,79,0.85,0.68,-19.7,96,180866
Song_132,Artist_60,Jazz,59,0.39,0.21,-7.3,133,297631
Song_133,Artist_70,Hip Hop,10,0.53,0.47,-12.07,168,300961
Song_134,Artist_33,R&B,39,0.35,0.5,-14.37,120,219972
Song_135,Artist_74,Classical,74,0.42,0.75,-24.52,161,191953
Song_136,Artist_2,Country,88,0.78,0.96,-4.97,187,195024
Song_137,Artist_100,EDM,78,0.8,0.37,-20.82,124,297671
Song_138,Artist_97,Hip Hop,81,0.27,0.69,-24.13,172,128746
Song_139,Artist_75,Classical,94,0.3,0.91,-17.81,166,166042
Song_140,Artist_26,Hip Hop,70,0.86,0.49,-13.96,129,163134
Song_141,Artist_33,R&B,38,0.76,0.46,-22.47,79,156898
Song_142,Artist_97,EDM,87,0.74,0.96,-3.72,153,143672
Song_143,Artist_51,Pop,34,0.6,0.55,-10.2,127,273238
Song_144,Artist_49,Classical,14,0.71,0.57,-11.37,143,279929
Song_145,Artist_29,Rock,82,0.82,0.91,-18.35,164,150585
Song_146,Artist_18,Pop,5,0.43,0.58,-22.86,197,155563
Song_147,Artist_50,R&B,48,0.7,0.78,-4.19,167,273967
Song_148,Artist_96,Hip Hop,54,0.69,0.85,-11.46,131,128576
Song_149,Artist_89,Classical,28,0.53,0.94,-6.18,85,299746
Song_150,Artist_48,Latin,83,0.47,0.51,-20.82,91,239201
Song_151,Artist_12,EDM,83,0.68,0.96,-23.89,145,183850
Song_152,Artist_17,Country,27,0.25,0.8,-20.44,115,181079
Song_153,Artist_43,Hip Hop,77,0.2,0.87,-21.82,93,261614
Song_154,Artist_33,Hip Hop,15,0.7,0.22,-24.67,120,274364
Song_155,Artist_42,Pop,23,0.4,0.3,-15.74,89,315471
Song_156,Artist_9,R&B,58,0.78,0.6,-22.6,188,178077
Song_157,Artist_79,Pop,94,0.79,0.88,-13.53,177,288647
Song_158,Artist_4,Pop,62,0.84,0.53,-22.62,173,139265
Song_159,Artist_11,Classical,78,0.31,0.3,-11.27,200,306686
Song_160,Artist_42,Indie,77,0.6,0.55,-11.68,85,303967
Song_161,Artist_15,Latin,93,0.85,0.54,-5.46,165,208848
Song_162,Artist_59,Indie,54,0.75,0.44,-18.12,125,218120
Song_163,Artist_20,R&B,9,0.27,0.27,-15.5,155,154108
Song_164,Artist_72,Pop,76,0.92,0.64,-10.26,165,212693
Song_165,Artist_86,Indie,93,0.24,0.42,-18.13,86,271497
Song_166,Artist_65,EDM,20,0.69,0.37,-22.62,154,150116
Song_167,Artist_98,Jazz,74,0.37,0.53,-12.66,66,279644
Song_168,Artist_85,Jazz,4,0.34,0.75,-18.2,146,212018
Song_169,Artist_1,Hip Hop,19,0.62,0.51,-21.88,67,144053
Song_170,Artist_96,Latin,28,0.48,0.55,-21.54,139,309162
Song_171,Artist_42,Country,77,0.26,0.24,-21.54,72,296676
Song_172,Artist_11,Jazz,57,0.7,0.58,-15.28,129,176510
Song_173,Artist_97,Latin,15,0.46,0.29,-10.08,184,258132
Song_174,Artist_86,Jazz,6,0.37,0.97,-23.79,112,199015
Song_175,Artist_28,Hip Hop,98,0.39,0.46,-24.83,170,166057
Song_176,Artist_17,Indie,69,0.73,0.59,-6.67,150,138894
Song_177,Artist_51,Pop,56,0.21,0.92,-6.03,169,270313
Song_178,Artist_52,Indie,38,0.29,0.22,-17.86,177,300777
Song_179,Artist_47,Rock,56,0.83,0.39,-12.04,194,140616
Song_180,Artist_51,Jazz,96,0.45,0.46,-21.3,190,285996
Song_181,Artist_15,Latin,66,0.35,0.81,-17.28,97,181936
Song_182,Artist_14,Hip Hop,33,0.35,0.67,-8.28,79,166437
Song_183,Artist_99,R&B,60,0.77,0.79,-15.12,142,284421
Song_184,Artist_41,Hip Hop,57,0.25,0.54,-18.34,130,275037
Song_185,Artist_8,Classical,65,0.26,0.56,-24.17,154,195255
Song_186,Artist_10,Rock,79,0.65,0.5,-12.23,70,237894
Song_187,Artist_74,EDM,42,0.65,0.59,-3.93,175,147132
Song_188,Artist_44,Rock,65,0.68,0.23,-9.43,172,257381
Song_189,Artist_67,Country,21,0.47,0.92,-16.48,146,297968
Song_190,Artist_77,Pop,81,0.69,0.25,-22.92,158,194487
Song_191,Artist_33,Country,20,0.45,0.65,-21.89,149,201325
Song_192,Artist_84,Indie,17,0.65,0.93,-18.19,156,288687
Song_193,Artist_43,Hip Hop,86,0.73,0.94,-3.06,194,144498
Song_194,Artist_83,Indie,66,0.47,0.48,-21.03,114,209583
Song_195,Artist_99,R&B,25,0.37,0.31,-23.3,85,253087
Song_196,Artist_99,Latin,95,0.86,0.23,-17.59,93,276564
Song_197,Artist_49,Hip Hop,21,0.34,0.74,-11.26,102,309053
Song_198,Artist_57,Pop,53,0.47,0.76,-3.67,132,317234
Song_199,Artist_96,R&B,30,0.6,0.44,-7.21,180,170860
Song_200,Artist_48,Country,57,0.55,0.42,-16.6,195,229749
Song_201,Artist_21,EDM,78,0.3,0.4,-10.89,155,265369
Song_202,Artist_14,Latin,16,0.41,0.8,-19.0,191,158626
Song_203,Artist_56,Rock,29,0.81,0.89,-4.53,166,133960
Song_204,Artist_51,Latin,48,0.38,0.98,-16.75,67,203541
Song_205,Artist_13,Classical,19,0.3,0.42,-6.75,95,318925
Song_206,Artist_91,R&B,58,0.66,0.91,-24.58,115,159195
Song_207,Artist_71,Country,68,0.52,0.81,-19.77,91,132517
Song_208,Artist_31,Indie,82,0.8,0.56,-22.56,187,276431
Song_209,Artist_69,Pop,81,0.59,0.39,-21.84,169,120410
Song_210,Artist_79,Classical,31,0.63,0.35,-10.3,194,214530
Song_211,Artist_9,Latin,70,0.58,0.97,-12.81,159,243243
Song_212,Artist_6,Indie,48,0.39,0.21,-7.65,148,183209
Song_213,Artist_94,Rock,99,0.64,0.79,-22.06,150,263134
Song_214,Artist_44,Hip Hop,100,0.71,0.97,-14.47,106,155350
Song_215,Artist_9,R&B,5,0.42,0.23,-20.61,70,202731
Song_216,Artist_40,Latin,51,0.94,0.62,-19.43,108,195002
Song_217,Artist_46,Pop,84,0.45,0.3,-16.9,162,314853
Song_218,Artist_57,Indie,44,0.93,0.59,-14.05,192,189919
Song_219,Artist_11,Indie,11,0.52,0.98,-21.03,135,204203
Song_220,Artist_14,Rock,42,0.7,0.44,-11.74,169,163684
Song_221,Artist_89,R&B,45,0.54,0.77,-4.94,171,191973
Song_222,Artist_82,Pop,10,0.7,0.52,-13.71,100,128163
Song_223,Artist_19,Country,87,0.79,0.23,-23.52,153,214935
Song_224,Artist_50,Country,5,0.65,0.73,-4.13,155,236376
Song_225,Artist_98,Rock,74,0.3,0.49,-18.08,131,185434
Song_226,Artist_15,Pop,95,0.34,0.6,-4.9,90,188623
Song_227,Artist_100,Jazz,91,0.53,0.98,-18.72,185,172475
Song_228,Artist_16,Hip Hop,10,0.54,0.9,-15.21,82,298763
Song_229,Artist_41,Classical,91,0.25,0.62,-5.39,100,306596
Song_230,Artist_91,Hip Hop,47,0.58,0.29,-20.58,95,182058
Song_231,Artist_64,Pop,47,0.62,0.49,-7.32,93,280418
Song_232,Artist_12,Rock,40,0.5,0.76,-14.47,165,227330
Song_233,Artist_74,Rock,17,0.93,0.7,-15.1,192,210312
Song_234,Artist_17,Latin,82,0.64,0.8,-22.16,188,134526
Song_235,Artist_16,Latin,20,0.43,0.33,-4.44,117,210707
Song_236,Artist_67,Jazz,11,0.39,0.7,-12.88,92,283845
Song_237,Artist_39,Country,69,0.27,0.7,-11.98,99,164879
Song_238,Artist_85,Country,93,0.88,0.46,-4.67,70,127437
Song_239,Artist_11,Pop,83,0.78,0.41,-20.36,166,282033
Song_240,Artist_82,Pop,64,0.87,0.63,-10.88,137,246601
Song_241,Artist_32,Indie,39,0.54,0.74,-21.52,166,246943
Song_242,Artist_60,EDM,44,0.65,0.44,-9.2,148,224521
Song_243,Artist_17,Classical,66,0.62,0.45,-14.74,128,237858
Song_244,Artist_32,Hip Hop,13,0.24,0.94,-5.99,167,185082
Song_245,Artist_21,Classical,74,0.74,0.35,-21.49,191,242372
Song_246,Artist_64,Jazz,64,0.22,0.94,-13.88,121,176398
Song_247,Artist_75,Classical,7,0.24,0.59,-5.59,180,194907
Song_248,Artist_69,Pop,14,0.52,0.89,-8.99,163,215928
Song_249,Artist_6,Indie,7,0.63,0.35,-12.83,78,221279
Song_250,Artist_65,R&B,98,0.61,0.84,-11.29,90,153728
Song_251,Artist_13,Indie,48,0.8,0.46,-4.34,96,172181
Song_252,Artist_78,Latin,52,0.58,0.24,-21.99,145,244189
Song_253,Artist_67,R&B,20,0.65,0.6,-17.78,141,162598
Song_254,Artist_51,Country,95,0.83,0.66,-13.84,190,259549
Song_255,Artist_63,Country,39,0.56,0.21,-17.71,88,229193
Song_256,Artist_75,Jazz,93,0.85,0.69,-11.87,127,291859
Song_257,Artist_100,Country,74,0.37,0.24,-14.43,194,284895
Song_258,Artist_93,Country,100,0.83,0.32,-10.02,68,270095
Song_259,Artist_90,Rock,25,0.21,0.44,-21.67,112,227577
Song_260,Artist_65,Country,61,0.85,0.77,-23.63,95,255969
Song_261,Artist_27,Latin,42,0.95,0.57,-16.71,104,240498
Song_262,Artist_69,Classical,70,0.47,0.8,-9.14,127,279927
Song_263,Artist_62,EDM,32,0.41,0.43,-4.29,136,195760
Song_264,Artist_91,EDM,89,0.73,0.45,-17.33,130,195442
Song_265,Artist_16,Country,87,0.61,0.9,-16.32,148,158397
Song_266,Artist_38,Pop,37,0.92,0.26,-4.67,125,315910
Song_267,Artist_62,EDM,26,0.82,0.41,-12.64,129,155985
Song_268,Artist_14,Country,95,0.64,0.39,-10.26,195,179158
Song_269,Artist_82,EDM,7,0.28,0.46,-14.61,95,121358
Song_270,Artist_71,Hip Hop,53,0.69,0.89,-14.53,111,318157
Song_271,Artist_37,Classical,37,0.68,0.91,-23.03,119,260286
Song_272,Artist_95,Pop,23,0.51,0.85,-4.45,69,224069
Song_273,Artist_64,Hip Hop,96,0.92,0.92,-5.71,62,198221
Song_274,Artist_73,Country,14,0.9,0.46,-15.0,199,257446
Song_275,Artist_64,Hip Hop,65,0.55,0.35,-22.52,101,311658
Song_276,Artist_59,Jazz,92,0.34,0.77,-7.6,109,166004
Song_277,Artist_79,Indie,55,0.59,0.27,-10.28,107,156860
Song_278,Artist_62,Classical,32,0.21,0.5,-15.17,128,206409
Song_279,Artist_39,Country,93,0.63,0.4,-17.09,120,136285
Song_280,Artist_86,Rock,60,0.43,0.52,-13.94,139,300955
Song_281,Artist_16,Jazz,48,0.66,0.37,-22.06,99,239269
Song_282,Artist_96,Country,48,0.51,0.63,-14.64,197,294088
Song_283,Artist_28,EDM,88,0.77,0.88,-23.2,174,258457
Song_284,Artist_91,Classical,10,0.89,0.29,-6.77,189,172994
Song_285,Artist_74,Latin,20,0.32,0.87,-15.28,112,307935
Song_286,Artist_75,R&B,12,0.87,0.55,-23.78,93,254544
Song_287,Artist_54,R&B,73,0.24,0.56,-7.25,65,223795
Song_288,Artist_33,Pop,96,0.36,0.26,-15.68,76,261862
Song_289,Artist_8,Rock,61,0.22,0.52,-8.08,167,218162
Song_290,Artist_49,R&B,49,0.48,0.73,-10.44,198,154862
Song_291,Artist_84,Classical,16,0.33,0.62,-13.37,117,120910
Song_292,Artist_97,Pop,39,0.55,0.76,-15.67,157,180205
Song_293,Artist_32,R&B,45,0.32,0.35,-5.75,88,128445
Song_294,Artist_85,Indie,79,0.77,0.89,-24.66,112,137639
Song_295,Artist_13,Country,5,0.53,0.72,-5.81,122,314128
Song_296,Artist_6,Indie,57,0.38,0.37,-6.0,74,156735
Song_297,Artist_65,Jazz,30,0.81,0.77,-17.98,142,182102
Song_298,Artist_39,Hip Hop,85,0.59,0.52,-18.95,104,284100
Song_299,Artist_87,Indie,72,0.57,0.96,-4.29,157,257484
Song_300,Artist_41,Indie,53,0.31,0.49,-8.4,181,183168
Song_301,Artist_29,Jazz,91,0.31,0.56,-23.73,165,229185
Song_302,Artist_72,Latin,18,0.49,0.4,-17.73,80,237908
Song_303,Artist_48,Rock,69,0.74,0.35,-19.09,70,139079
Song_304,Artist_25,Country,93,0.7,0.37,-20.4,145,199478
Song_305,Artist_2,EDM,25,0.92,0.29,-3.01,182,183594
Song_306,Artist_90,Country,91,0.35,0.91,-12.85,132,219788
Song_307,Artist_60,Latin,84,0.47,0.4,-13.72,187,242160
Song_308,Artist_13,R&B,98,0.83,0.91,-16.84,165,131984
Song_309,Artist_73,EDM,95,0.31,0.4,-4.44,166,197382
Song_310,Artist_20,EDM,43,0.37,0.64,-19.59,200,291601
Song_311,Artist_88,Classical,33,0.77,0.58,-9.08,185,240803
Song_312,Artist_22,Classical,22,0.3,0.63,-20.95,198,288246
Song_313,Artist_8,Latin,5,0.83,0.26,-7.0,72,121673
Song_314,Artist_53,Hip Hop,81,0.37,0.75,-24.8,189,239540
Song_315,Artist_48,Pop,80,0.68,0.93,-4.92,184,124123
Song_316,Artist_1,Latin,71,0.51,0.21,-9.11,197,195153
Song_317,Artist_3,Latin,90,0.71,0.83,-4.98,87,145248
Song_318,Artist_68,Hip Hop,31,0.34,0.61,-7.07,128,224044
Song_319,Artist_11,Classical,52,0.54,0.39,-9.66,136,299317
Song_320,Artist_11,Pop,12,0.5,0.49,-14.53,62,304246
Song_321,Artist_22,Rock,64,0.83,0.7,-17.71,84,258453
Song_322,Artist_6,EDM,28,0.88,0.74,-12.53,129,132205
Song_323,Artist_10,Jazz,70,0.62,0.23,-4.57,140,124104
Song_324,Artist_27,Country,19,0.76,0.76,-16.24,79,198453
Song_325,Artist_21,Country,31,0.63,0.86,-10.11,198,206960
Song_326,Artist_50,Hip Hop,89,0.74,0.59,-3.56,73,145607
Song_327,Artist_56,EDM,10,0.46,0.8,-3.99,161,205557
Song_328,Artist_4,Jazz,58,0.57,0.48,-4.29,170,168690
Song_329,Artist_88,Country,85,0.49,0.8,-18.5,123,306937
Song_330,Artist_10,Rock,35,0.32,0.76,-11.05,159,203015
Song_331,Artist_47,Rock,12,0.2,0.44,-17.08,129,146799
Song_332,Artist_17,Rock,24,0.52,0.63,-13.73,86,126884
Song_333,Artist_12,Classical,71,0.27,0.67,-17.86,158,123235
Song_334,Artist_38,Indie,50,0.78,0.77,-12.69,122,269935
Song_335,Artist_67,Hip Hop,88,0.49,0.31,-18.38,186,158255
Song_336,Artist_9,Hip Hop,56,0.41,0.43,-7.78,152,185981
Song_337,Artist_32,R&B,77,0.66,0.56,-22.02,61,223728
Song_338,Artist_43,Country,49,0.8,0.46,-17.64,94,198757
Song_339,Artist_42,Country,89,0.35,0.45,-3.78,141,196401
Song_340,Artist_95,R&B,74,0.79,0.45,-18.83,160,215686
Song_341,Artist_15,Country,26,0.64,0.63,-10.0,200,127055
Song_342,Artist_94,R&B,91,0.36,0.82,-6.71,77,227254
Song_343,Artist_87,R&B,18,0.68,0.39,-10.51,168,218825
Song_344,Artist_10,R&B,77,0.56,0.51,-13.85,167,262513
Song_345,Artist_5,Classical,90,0.87,0.62,-10.96,81,148670
Song_346,Artist_99,EDM,85,0.7,0.33,-11.52,162,317311
Song_347,Artist_43,Indie,14,0.21,0.4,-13.77,192,266274
Song_348,Artist_75,Country,29,0.53,0.51,-8.01,188,159516
Song_349,Artist_45,Pop,62,0.28,0.52,-3.84,89,311404
Song_350,Artist_19,Classical,40,0.46,0.81,-13.54,149,244823
Song_351,Artist_13,R&B,93,0.72,0.45,-18.39,89,125920
Song_352,Artist_44,Rock,87,0.8,0.93,-8.71,192,165731
Song_353,Artist_71,Hip Hop,43,0.62,0.95,-19.9,163,285087
Song_354,Artist_24,Hip Hop,82,0.69,0.51,-8.78,110,237853
Song_355,Artist_76,Indie,50,0.2,0.37,-18.88,76,271348
Song_356,Artist_14,Latin,24,0.47,0.35,-22.49,185,258337
Song_357,Artist_82,Classical,77,0.49,0.51,-22.49,150,240025
Song_358,Artist_80,Hip Hop,87,0.73,0.43,-11.48,81,296189
Song_359,Artist_18,Classical,16,0.38,0.29,-16.79,96,253909
Song_360,Artist_50,Indie,77,0.3,0.5,-20.91,197,301779
Song_361,Artist_83,Hip Hop,72,0.33,0.43,-20.88,175,282374
Song_362,Artist_7,Classical,2,0.56,0.35,-16.55,189,291198
Song_363,Artist_64,Indie,88,0.57,0.75,-15.24,102,141671
Song_364,Artist_73,Pop,98,0.37,0.23,-20.05,133,164094
Song_365,Artist_100,R&B,73,0.76,0.8,-12.91,88,270133
Song_366,Artist_15,Jazz,100,0.61,0.97,-13.08,70,319230
Song_367,Artist_93,R&B,70,0.36,0.53,-8.81,123,198042
Song_368,Artist_5,R&B,34,0.46,0.84,-15.34,90,182113
Song_369,Artist_27,Country,89,0.46,0.75,-11.08,102,281520
Song_370,Artist_18,EDM,27,0.8,0.64,-13.29,197,164139
Song_371,Artist_42,Jazz,38,0.63,0.94,-13.68,84,155543
Song_372,Artist_97,Indie,8,0.94,0.88,-22.21,93,185451
Song_373,Artist_19,Classical,32,0.77,0.73,-14.23,128,284577
Song_374,Artist_54,Indie,58,0.26,0.82,-8.08,163,255164
Song_375,Artist_96,Jazz,89,0.9,0.49,-4.09,143,272556
Song_376,Artist_1,Rock,94,0.93,0.7,-9.66,76,260096
Song_377,Artist_51,EDM,55,0.82,0.59,-17.9,132,208540
Song_378,Artist_71,Country,17,0.62,0.58,-17.44,72,132043
Song_379,Artist_13,R&B,3,0.29,0.87,-15.29,60,232145
Song_380,Artist_26,Hip Hop,84,0.43,0.88,-5.71,83,291596
Song_381,Artist_47,Jazz,11,0.48,0.9,-21.36,161,283998
Song_382,Artist_40,EDM,55,0.69,0.75,-24.98,182,140431
Song_383,Artist_17,Country,29,0.59,0.55,-24.82,147,151612
Song_384,Artist_55,Hip Hop,62,0.25,0.5,-8.92,86,147053
Song_385,Artist_41,Classical,39,0.3,0.8,-8.43,94,288185
Song_386,Artist_87,Hip Hop,9,0.6,0.21,-10.7,172,212061
Song_387,Artist_93,EDM,81,0.76,0.92,-11.45,173,176949
Song_388,Artist_12,Rock,18,0.76,0.66,-16.55,169,202445
Song_389,Artist_18,EDM,36,0.68,0.39,-11.78,132,301004
Song_390,Artist_4,Jazz,27,0.59,0.6,-8.55,135,289389
Song_391,Artist_7,EDM,64,0.49,0.39,-10.96,78,258487
Song_392,Artist_2,Classical,41,0.3,0.87,-12.5,153,263224
Song_393,Artist_88,Hip Hop,98,0.55,0.97,-23.39,77,123615
Song_394,Artist_34,EDM,6,0.89,0.94,-16.24,133,284776
Song_395,Artist_92,Latin,99,0.51,0.75,-23.19,197,260943
Song_396,Artist_79,Hip Hop,36,0.26,0.26,-4.74,99,260611
Song_397,Artist_42,Indie,76,0.68,0.85,-10.02,76,201309
Song_398,Artist_90,Indie,94,0.92,0.39,-19.62,171,150405
Song_399,Artist_59,Country,78,0.24,0.72,-10.52,104,151311
Song_400,Artist_2,Hip Hop,90,0.21,0.59,-17.37,192,308944
Song_401,Artist_34,Hip Hop,48,0.3,0.81,-19.09,90,127695
Song_402,Artist_43,Indie,35,0.59,0.41,-3.55,79,250062
Song_403,Artist_59,Latin,47,0.24,0.87,-21.33,100,186877
Song_404,Artist_99,Rock,74,0.71,0.29,-8.7,60,131544
Song_405,Artist_2,EDM,6,0.55,0.5,-21.7,69,264930
Song_406,Artist_92,Indie,29,0.44,0.52,-9.15,129,140417
Song_407,Artist_74,Classical,16,0.58,0.9,-21.05,192,132039
Song_408,Artist_52,Rock,60,0.85,0.8,-18.16,82,264989
Song_409,Artist_59,Pop,48,0.35,0.64,-18.31,122,241615
Song_410,Artist_48,Country,64,0.95,0.81,-8.89,199,319355
Song_411,Artist_32,Hip Hop,1,0.9,0.22,-13.09,62,207822
Song_412,Artist_1,Indie,95,0.75,0.28,-13.34,120,230052
Song_413,Artist_63,Pop,19,0.73,0.27,-4.73,193,228280
Song_414,Artist_90,Classical,59,0.93,0.27,-22.9,94,287042
Song_415,Artist_51,Rock,76,0.63,0.54,-3.79,120,196461
Song_416,Artist_34,Classical,51,0.73,0.77,-18.0,129,181239
Song_417,Artist_10,EDM,18,0.78,0.66,-21.58,102,237851
Song_418,Artist_60,Classical,53,0.29,0.48,-8.05,175,200821
Song_419,Artist_60,Jazz,16,0.27,0.83,-18.31,70,176366
Song_420,Artist_42,Hip Hop,12,0.73,0.96,-16.28,72,297519
Song_421,Artist_39,Jazz,23,0.22,0.52,-15.05,200,185497
Song_422,Artist_13,R&B,14,0.8,0.31,-24.74,116,154266
Song_423,Artist_26,Indie,48,0.71,0.93,-23.15,126,139657
Song_424,Artist_3,Rock,26,0.88,0.55,-22.17,144,152119
Song_425,Artist_6,R&B,7,0.33,0.65,-6.92,161,250056
Song_426,Artist_4,Indie,88,0.52,0.48,-5.02,130,193362
Song_427,Artist_58,Hip Hop,5,0.66,0.68,-10.76,187,228001
Song_428,Artist_71,R&B,8,0.27,0.5,-15.78,194,185312
Song_429,Artist_81,Latin,3,0.94,0.81,-17.1,199,247055
Song_430,Artist_45,Country,65,0.44,0.41,-24.43,116,127681
Song_431,Artist_100,Jazz,8,0.81,0.57,-17.14,119,161844
Song_432,Artist_13,EDM,85,0.38,0.62,-7.59,74,177517
Song_433,Artist_74,Indie,46,0.9,0.97,-21.18,120,275325
Song_434,Artist_41,Classical,76,0.22,0.75,-4.15,96,267615
Song_435,Artist_25,R&B,70,0.43,0.58,-23.01,119,277722
Song_436,Artist_29,Pop,68,0.56,0.46,-11.49,93,209327
Song_437,Artist_92,Hip Hop,42,0.24,0.32,-9.5,96,149077
Song_438,Artist_68,Classical,10,0.48,0.93,-16.3,85,208227
Song_439,Artist_39,Classical,18,0.93,0.77,-15.39,184,290178
Song_440,Artist_41,Hip Hop,91,0.93,0.74,-4.57,151,178520
Song_441,Artist_86,Country,23,0.48,0.77,-18.52,105,311058
Song_442,Artist_1,Country,51,0.84,0.8,-12.52,106,277912
Song_443,Artist_41,Country,29,0.68,0.28,-14.08,144,315387
Song_444,Artist_10,EDM,45,0.94,0.33,-5.52,82,305851
Song_445,Artist_86,Classical,58,0.21,0.36,-9.75,149,187281
Song_446,Artist_14,Pop,7,0.49,0.77,-3.68,165,249258
Song_447,Artist_49,Classical,70,0.48,0.85,-7.65,117,162639
Song_448,Artist_58,Rock,5,0.42,0.45,-4.06,78,209602
Song_449,Artist_22,Indie,21,0.75,0.63,-5.24,83,208591
Song_450,Artist_77,Country,62,0.73,0.54,-10.62,171,161183
Song_451,Artist_7,Rock,43,0.35,0.35,-9.66,198,189537
Song_452,Artist_85,Jazz,39,0.38,0.24,-12.42,185,160262
Song_453,Artist_7,Classical,1,0.52,0.43,-10.44,182,172343
Song_454,Artist_13,Pop,27,0.33,0.43,-23.2,89,200832
Song_455,Artist_51,R&B,63,0.87,0.41,-10.88,159,168465
Song_456,Artist_48,Indie,48,0.34,0.23,-15.33,127,179308
Song_457,Artist_35,Country,8,0.31,0.74,-22.87,148,261937
Song_458,Artist_53,Country,30,0.62,0.86,-7.0,167,260381
Song_459,Artist_88,R&B,74,0.86,0.57,-23.26,68,251622
Song_460,Artist_74,Latin,74,0.71,0.68,-22.35,174,165319
Song_461,Artist_22,EDM,25,0.29,0.53,-3.26,171,172931
Song_462,Artist_81,Hip Hop,77,0.39,0.91,-4.89,77,142813
Song_463,Artist_50,Latin,51,0.61,0.87,-13.57,63,303608
Song_464,Artist_80,Country,67,0.79,0.29,-21.71,85,147691
Song_465,Artist_73,Rock,37,0.85,0.89,-5.69,127,220412
Song_466,Artist_84,R&B,74,0.66,0.23,-18.94,96,282069
Song_467,Artist_78,Indie,5,0.5,0.89,-9.81,72,315493
Song_468,Artist_61,Jazz,48,0.22,0.84,-18.33,131,248875
Song_469,Artist_90,Rock,30,0.3,0.96,-15.25,142,190626
Song_470,Artist_94,Indie,78,0.68,0.35,-20.35,164,314234
Song_471,Artist_63,Latin,48,0.82,0.6,-21.5,139,306009
Song_472,Artist_65,Indie,18,0.79,0.61,-12.49,104,170531
Song_473,Artist_26,Pop,32,0.22,0.24,-17.07,110,191821
Song_474,Artist_48,R&B,65,0.5,0.92,-10.01,121,217639
Song_475,Artist_63,Country,58,0.33,0.88,-12.09,149,210242
Song_476,Artist_21,Jazz,96,0.82,0.27,-24.4,72,162705
Song_477,Artist_74,EDM,29,0.69,0.73,-19.08,164,254553
Song_478,Artist_3,Pop,61,0.88,0.7,-11.77,62,178659
Song_479,Artist_33,Country,40,0.73,0.75,-18.94,156,211412
Song_480,Artist_59,Jazz,28,0.55,0.73,-6.87,161,273219
Song_481,Artist_14,Pop,66,0.95,0.95,-6.53,132,198243
Song_482,Artist_88,Rock,62,0.25,0.97,-10.91,130,188458
Song_483,Artist_84,Jazz,25,0.31,0.8,-5.21,163,293154
Song_484,Artist_41,Hip Hop,93,0.22,0.59,-18.5,167,226063
Song_485,Artist_50,Pop,75,0.73,0.65,-20.82,116,299914
Song_486,Artist_69,R&B,86,0.47,0.43,-21.26,106,197013
Song_487,Artist_13,R&B,17,0.76,0.77,-12.7,106,298182
Song_488,Artist_43,Rock,29,0.47,0.78,-18.24,144,217434
Song_489,Artist_34,Country,38,0.55,0.29,-23.82,78,243789
Song_490,Artist_25,Latin,16,0.85,0.5,-18.44,73,159525
Song_491,Artist_18,EDM,44,0.51,0.64,-5.05,177,157545
Song_492,Artist_41,Hip Hop,100,0.26,0.46,-3.29,140,286330
Song_493,Artist_8,Pop,58,0.41,0.79,-21.29,100,248339
Song_494,Artist_98,Rock,17,0.66,0.69,-16.13,182,220484
Song_495,Artist_1,Pop,69,0.35,0.49,-24.69,142,318403
Song_496,Artist_68,EDM,3,0.71,0.69,-19.53,148,201813
Song_497,Artist_17,Rock,50,0.58,0.44,-23.56,71,198171
Song_498,Artist_38,R&B,94,0.59,0.61,-15.46,94,209845
Song_499,Artist_63,Classical,97,0.34,0.94,-4.8,163,125013
Song_500,Artist_30,EDM,94,0.94,0.36,-24.52,189,164298
Song_501,Artist_16,Classical,92,0.69,0.23,-5.72,125,260177
Song_502,Artist_80,Pop,77,0.95,0.72,-10.62,65,132644
Song_503,Artist_89,Rock,54,0.53,0.3,-19.44,99,173869
Song_504,Artist_89,Pop,39,0.52,0.28,-13.55,95,229792
Song_505,Artist_14,Latin,93,0.66,0.42,-7.74,187,172074
Song_506,Artist_78,EDM,100,0.4,0.61,-20.56,164,197424
Song_507,Artist_21,Pop,71,0.57,0.36,-4.47,144,181474
Song_508,Artist_1,Pop,86,0.27,0.29,-12.37,186,159097
Song_509,Artist_12,Latin,10,0.74,0.28,-19.37,119,239734
Song_510,Artist_38,Jazz,60,0.24,0.83,-5.77,134,214428
Song_511,Artist_87,Classical,55,0.75,0.27,-8.32,71,122535
Song_512,Artist_18,Hip Hop,43,0.47,0.54,-11.32,83,217680
Song_513,Artist_44,Hip Hop,15,0.5,0.95,-19.02,158,300853
Song_514,Artist_62,Indie,84,0.86,0.33,-22.08,75,161784
Song_515,Artist_14,Indie,76,0.56,0.64,-15.36,157,214004
Song_516,Artist_79,Pop,88,0.86,0.77,-5.38,183,247958
Song_517,Artist_15,Indie,57,0.23,0.4,-18.09,194,314936
Song_518,Artist_74,Country,29,0.93,0.72,-17.56,193,300418
Song_519,Artist_90,Country,13,0.52,0.77,-14.4,158,158968
Song_520,Artist_72,Country,7,0.21,0.93,-13.88,180,249980
Song_521,Artist_22,Rock,97,0.57,0.39,-3.66,72,252888
Song_522,Artist_29,Latin,83,0.48,0.84,-23.27,173,270217
Song_523,Artist_58,Rock,64,0.54,0.29,-14.06,64,146907
Song_524,Artist_52,Indie,5,0.62,0.2,-23.0,137,253257
Song_525,Artist_72,EDM,84,0.7,0.94,-17.01,73,178436
Song_526,Artist_59,Classical,72,0.78,0.67,-9.23,153,307672
Song_527,Artist_58,Rock,13,0.77,0.37,-17.49,134,263573
Song_528,Artist_67,Classical,90,0.28,0.9,-14.17,164,148039
Song_529,Artist_33,Country,26,0.34,0.93,-16.36,177,169959
Song_530,Artist_92,Classical,14,0.77,0.24,-11.07,91,238097
Song_531,Artist_59,Country,65,0.3,0.59,-13.33,72,265024
Song_532,Artist_56,Country,62,0.89,0.81,-4.98,104,311494
Song_533,Artist_17,Rock,50,0.69,0.67,-17.92,158,229750
Song_534,Artist_78,EDM,36,0.5,0.47,-18.53,94,156223
Song_535,Artist_53,Country,90,0.86,0.6,-6.45,200,202289
Song_536,Artist_92,Latin,81,0.36,0.36,-9.28,148,296258
Song_537,Artist_17,Hip Hop,65,0.61,0.7,-9.37,150,267398
Song_538,Artist_62,Country,74,0.91,0.75,-10.17,196,194954
Song_539,Artist_55,Pop,67,0.28,0.5,-23.83,74,172403
Song_540,Artist_35,Hip Hop,37,0.71,0.31,-23.64,135,173477
Song_541,Artist_97,Latin,5,0.47,0.55,-11.45,117,314619
Song_542,Artist_83,Latin,50,0.38,0.81,-7.43,133,301649
Song_543,Artist_86,Pop,49,0.49,0.95,-3.53,140,264736
Song_544,Artist_7,Pop,96,0.39,0.68,-7.82,173,179126
Song_545,Artist_82,Classical,97,0.64,0.78,-20.68,109,197116
Song_546,Artist_58,Hip Hop,88,0.26,0.95,-8.83,90,218880
Song_547,Artist_6,Indie,36,0.62,0.3,-12.15,125,121479
Song_548,Artist_43,R&B,91,0.9,0.23,-4.57,73,283936
Song_549,Artist_79,Jazz,63,0.79,0.63,-23.4,141,257729
Song_550,Artist_29,Hip Hop,67,0.25,0.59,-15.85,197,225753
Song_551,Artist_12,Classical,29,0.86,0.72,-17.72,135,177264
Song_552,Artist_97,Country,68,0.56,0.64,-8.45,62,150073
Song_553,Artist_86,Classical,58,0.38,0.7,-4.79,122,130453
Song_554,Artist_88,Classical,49,0.89,0.94,-16.51,198,309785
Song_555,Artist_37,Pop,67,0.82,0.49,-7.34,174,247612
Song_556,Artist_6,Jazz,84,0.34,0.6,-4.14,102,261026
Song_557,Artist_69,Pop,81,0.25,0.72,-7.98,168,147243
Song_558,Artist_27,Latin,90,0.86,0.78,-15.42,78,315792
Song_559,Artist_88,Hip Hop,4,0.54,0.46,-23.07,73,166659
Song_560,Artist_33,Latin,10,0.63,0.38,-19.31,159,238259
Song_561,Artist_81,Indie,56,0.44,0.5,-22.4,61,288145
Song_562,Artist_93,Country,9,0.77,0.66,-9.58,78,213768
Song_563,Artist_65,Rock,38,0.79,0.44,-23.1,172,219985
Song_564,Artist_51,Pop,61,0.32,0.37,-8.57,199,197326
Song_565,Artist_82,Hip Hop,39,0.71,0.91,-7.51,155,122922
Song_566,Artist_71,Latin,19,0.29,0.2,-11.87,197,263530
Song_567,Artist_11,Jazz,27,0.76,0.9,-17.44,165,289327
Song_568,Artist_66,Hip Hop,21,0.34,0.68,-19.44,89,167541
Song_569,Artist_86,Country,7,0.84,0.93,-3.13,178,288997
Song_570,Artist_71,Rock,38,0.7,0.4,-20.66,184,206730
Song_571,Artist_46,Hip Hop,86,0.69,0.28,-11.37,109,203305
Song_572,Artist_63,R&B,43,0.66,0.44,-12.15,153,202924
Song_573,Artist_55,Hip Hop,1,0.43,0.81,-9.33,171,192529
Song_574,Artist_47,Hip Hop,87,0.75,0.88,-14.82,151,200077
Song_575,Artist_63,Latin,14,0.33,0.67,-6.48,95,261195
Song_576,Artist_26,Jazz,94,0.86,0.26,-23.34,64,252953
Song_577,Artist_81,Pop,75,0.63,0.8,-20.32,69,264597
Song_578,Artist_34,Latin,70,0.55,0.8,-16.95,117,274560
Song_579,Artist_94,Jazz,18,0.55,0.6,-16.27,188,122776
Song_580,Artist_85,EDM,79,0.71,0.79,-21.91,100,166961
Song_581,Artist_73,Country,85,0.85,0.31,-8.9,151,130595
Song_582,Artist_29,R&B,30,0.25,0.49,-24.06,112,255760
Song_583,Artist_47,Indie,61,0.89,0.89,-24.12,142,147059
Song_584,Artist_91,Latin,82,0.82,0.85,-19.21,199,269464
Song_585,Artist_23,Indie,84,0.48,0.66,-5.24,79,255440
Song_586,Artist_33,Indie,29,0.59,0.48,-5.91,184,246382
Song_587,Artist_78,Pop,65,0.86,0.54,-19.94,191,288683
Song_588,Artist_36,EDM,20,0.34,0.48,-9.22,90,293305
Song_589,Artist_30,Indie,43,0.74,0.58,-14.47,113,274872
Song_590,Artist_21,Indie,3,0.38,0.3,-11.97,94,285030
Song_591,Artist_66,Pop,74,0.31,0.33,-4.71,192,226287
Song_592,Artist_77,Country,82,0.21,0.76,-10.44,132,142478
Song_593,Artist_28,R&B,78,0.94,0.88,-21.25,165,277506
Song_594,Artist_19,Country,99,0.34,0.71,-19.18,147,238874
Song_595,Artist_77,Country,9,0.37,0.5,-22.61,111,257025
Song_596,Artist_65,Indie,20,0.65,0.34,-5.16,69,259311
Song_597,Artist_65,Rock,12,0.56,0.3,-11.72,60,297880
Song_598,Artist_84,Indie,67,0.52,0.88,-9.65,169,180158
Song_599,Artist_62,Indie,45,0.64,0.78,-8.25,85,231539
Song_600,Artist_18,Jazz,62,0.77,0.91,-23.16,199,227124
Song_601,Artist_33,EDM,1,0.73,0.82,-12.28,90,256252
Song_602,Artist_1,Indie,84,0.35,0.83,-16.01,87,160574
Song_603,Artist_55,Country,33,0.4,0.62,-12.58,130,298416
Song_604,Artist_51,EDM,53,0.61,0.63,-21.07,183,186526
Song_605,Artist_40,Country,45,0.78,0.51,-21.96,90,316035
Song_606,Artist_30,R&B,90,0.91,0.28,-13.82,146,264330
Song_607,Artist_79,Pop,21,0.49,0.7,-7.3,97,243645
Song_608,Artist_77,Indie,12,0.25,0.37,-23.24,69,309921
Song_609,Artist_50,Indie,79,0.69,0.42,-3.8,74,165946
Song_610,Artist_82,R&B,57,0.21,0.86,-4.52,192,194974
Song_611,Artist_25,Pop,77,0.58,0.74,-11.47,69,214303
Song_612,Artist_31,Pop,21,0.27,0.42,-16.21,161,226286
Song_613,Artist_76,EDM,67,0.21,0.75,-4.78,200,194578
Song_614,Artist_93,Latin,75,0.46,0.95,-18.92,109,239212
Song_615,Artist_52,Country,1,0.4,0.52,-22.66,78,251902
Song_616,Artist_38,Classical,15,0.8,0.95,-5.73,124,301978
Song_617,Artist_57,Indie,73,0.56,0.39,-17.53,177,298675
Song_618,Artist_59,Country,4,0.56,0.4,-16.58,116,297448
Song_619,Artist_90,EDM,41,0.51,0.48,-13.22,127,185079
Song_620,Artist_37,Rock,52,0.71,0.84,-23.33,105,244926
Song_621,Artist_41,Classical,28,0.87,0.41,-4.16,108,250809
Song_622,Artist_95,EDM,31,0.75,0.88,-20.45,111,185456
Song_623,Artist_80,Classical,20,0.78,0.29,-23.27,186,280911
Song_624,Artist_1,Latin,6,0.84,0.49,-18.06,130,248661
Song_625,Artist_24,Latin,36,0.5,0.79,-22.18,194,230933
Song_626,Artist_62,Latin,5,0.58,0.51,-9.9,104,239851
Song_627,Artist_16,Latin,59,0.44,0.21,-10.17,157,272307
Song_628,Artist_13,Classical,47,0.66,0.4,-12.93,120,190623
Song_629,Artist_61,Country,44,0.47,0.59,-20.37,155,215703
Song_630,Artist_52,Jazz,58,0.33,0.3,-12.33,118,146180
Song_631,Artist_93,Jazz,31,0.62,0.87,-20.69,98,243990
Song_632,Artist_2,Hip Hop,54,0.57,0.98,-6.31,192,259980
Song_633,Artist_93,Classical,63,0.43,0.64,-12.51,161,145945
Song_634,Artist_89,Hip Hop,8,0.36,0.4,-6.54,84,237926
Song_635,Artist_96,Classical,34,0.47,0.64,-4.5,125,210214
Song_636,Artist_3,Indie,16,0.46,0.73,-11.68,197,165754
Song_637,Artist_100,Jazz,46,0.44,0.6,-7.96,174,140554
Song_638,Artist_49,Country,37,0.55,0.95,-5.9,146,230576
Song_639,Artist_81,Country,74,0.5,0.91,-23.26,147,179825
Song_640,Artist_41,Classical,84,0.42,0.41,-10.82,129,236627
Song_641,Artist_100,Classical,96,0.64,0.95,-15.89,107,126055
Song_642,Artist_17,EDM,85,0.39,0.78,-8.51,113,163754
Song_643,Artist_51,Rock,13,0.25,0.89,-12.93,66,224074
Song_644,Artist_68,Rock,14,0.4,0.32,-10.59,159,201099
Song_645,Artist_30,EDM,95,0.41,0.69,-22.11,103,127489
Song_646,Artist_5,Classical,42,0.85,0.56,-5.84,129,263797
Song_647,Artist_57,Hip Hop,90,0.6,0.66,-14.96,171,257221
Song_648,Artist_82,Latin,40,0.88,0.58,-20.0,82,235831
Song_649,Artist_40,Classical,53,0.39,0.44,-25.0,94,210147
Song_650,Artist_37,R&B,69,0.21,0.92,-4.17,182,198541
Song_651,Artist_2,Indie,38,0.65,0.82,-12.94,108,227934
Song_652,Artist_72,Indie,51,0.39,0.76,-10.79,156,177826
Song_653,Artist_34,Rock,55,0.67,0.6,-7.4,129,194626
Song_654,Artist_84,Latin,35,0.51,0.87,-20.99,134,148929
Song_655,Artist_82,R&B,80,0.54,0.75,-14.18,142,125084
Song_656,Artist_20,Pop,69,0.22,0.96,-18.79,92,307484
Song_657,Artist_57,Pop,30,0.27,0.21,-20.22,167,201677
Song_658,Artist_64,Classical,60,0.72,0.22,-23.24,97,134690
Song_659,Artist_35,Indie,10,0.61,0.34,-5.29,124,220028
Song_660,Artist_2,Rock,99,0.74,0.5,-3.55,123,313362
Song_661,Artist_5,EDM,59,0.75,0.27,-10.35,113,243948
Song_662,Artist_50,Jazz,42,0.32,0.77,-8.62,200,256557
Song_663,Artist_16,Jazz,62,0.68,0.36,-5.47,115,149603
Song_664,Artist_31,Indie,42,0.21,0.82,-12.14,161,183724
Song_665,Artist_2,Pop,75,0.79,0.57,-11.88,155,143456
Song_666,Artist_32,Hip Hop,64,0.27,0.68,-4.52,75,135669
Song_667,Artist_46,Hip Hop,90,0.6,0.28,-14.27,141,266368
Song_668,Artist_83,Classical,57,0.75,0.22,-16.69,94,185718
Song_669,Artist_6,R&B,91,0.53,0.43,-9.67,108,268557
Song_670,Artist_24,Latin,45,0.44,0.57,-5.91,101,138055
Song_671,Artist_68,Hip Hop,58,0.42,0.41,-16.92,60,287254
Song_672,Artist_65,Indie,94,0.34,0.21,-6.15,121,204068
Song_673,Artist_93,Rock,85,0.93,0.84,-20.82,187,264563
Song_674,Artist_20,Country,37,0.44,0.7,-22.57,193,292724
Song_675,Artist_9,Pop,17,0.33,0.22,-22.64,109,145887
Song_676,Artist_5,Country,83,0.83,0.71,-13.43,125,132867
Song_677,Artist_47,EDM,78,0.74,0.21,-4.74,185,140960
Song_678,Artist_60,Pop,47,0.62,0.93,-15.85,154,305711
Song_679,Artist_8,Country,35,0.6,0.77,-6.64,79,176596
Song_680,Artist_67,Rock,13,0.74,0.61,-20.83,194,292196
Song_681,Artist_32,Country,81,0.91,0.64,-12.72,87,287411
Song_682,Artist_74,Classical,87,0.54,0.72,-5.58,102,167289
Song_683,Artist_71,Indie,65,0.45,0.32,-3.03,173,212359
Song_684,Artist_41,Latin,42,0.83,0.52,-11.07,142,279491
Song_685,Artist_31,Country,70,0.36,0.8,-4.62,125,214374
Song_686,Artist_58,R&B,51,0.2,0.23,-18.74,64,255688
Song_687,Artist_18,Jazz,1,0.43,0.37,-6.17,65,300805
Song_688,Artist_36,Latin,66,0.62,0.92,-21.6,69,240683
Song_689,Artist_46,Hip Hop,18,0.4,0.89,-19.5,125,198722
Song_690,Artist_12,Country,52,0.63,0.37,-23.3,143,246493
Song_691,Artist_23,R&B,89,0.73,0.84,-22.9,136,129796
Song_692,Artist_94,Country,49,0.26,0.24,-8.04,149,233850
Song_693,Artist_54,Rock,99,0.37,0.71,-11.75,62,286169
Song_694,Artist_100,Indie,7,0.43,0.23,-13.12,98,205676
Song_695,Artist_65,EDM,20,0.24,0.77,-16.36,174,317352
Song_696,Artist_77,Country,65,0.27,0.54,-7.7,97,154652
Song_697,Artist_44,Rock,61,0.63,0.24,-16.22,81,224471
Song_698,Artist_65,Indie,100,0.72,0.79,-14.42,110,247889
Song_699,Artist_51,Country,26,0.62,0.98,-13.47,122,138781
Song_700,Artist_35,Indie,42,0.71,0.65,-22.52,165,231028
